"Reference","Value","Footprint","Manufacturer","MPN","JLC/LCSC","JLC Classification","Economic Compatible","DNP","Notes","QUANTITY"
"C1,C7,C9,C12,C14-C16,C26,C29,C30","100n","Capacitor_SMD:C_0603_1608Metric","YAGEO","CC0603KRX7R9BB104","C14663","Basic","YES","NO","ADC acquisition reservoir; 5ms Thevenin RC,Buck-boost VINA bypass; place at VINA/GND,Connector-local VBUS bypass,DW01 supply filter,ESP32 local HF bypass,ICS-43432 local bypass; place directly between VDD and GND,MAX98357A local bypass,Potentiometer ADC filter,Ra-01SH/CH340C local high-frequency decoupling","10"
"C4,C17","1u","Capacitor_SMD:C_0603_1608Metric","Samsung Electro-Mechanics","CL10A105KB8NNNC","C15849","Basic","YES","NO","ESP32 EN power-on delay,MAX98357A local mid-band bypass","2"
"C5,C6,C8,C13,C18,C20","10u","Capacitor_SMD:C_0805_2012Metric","Samsung Electro-Mechanics","CL21A106KAYNNNE","C15850","Basic","YES","NO","Buck-boost input capacitor 2; TPS63021 reference design uses 2x10uF at VIN/PGND,Buck-boost input capacitor; place at VIN/PGND,ESP32 local bulk,MAX98357A local bulk,TP4056 battery bypass,TP4056 input bulk","6"
"C10,C11,C19,C27,C28","22u","Capacitor_SMD:C_0805_2012Metric","Samsung Electro-Mechanics","CL21A226MAQNNNE","C45783","Basic","YES","NO","Ra-01SH local bulk decoupling,TPS63021 output capacitor 1; place at VOUT/PGND,TPS63021 output capacitor 2; place at VOUT/PGND,TPS63021 output capacitor 3; 66uF nominal bank follows TI stability matrix","5"
"D1","SS34","Diode_SMD:D_SMA","MDD","SS34","C8678","Basic","YES","NO","USB-to-system Schottky; anode USB, cathode SYS_RAW","1"
"D2,D3","KT-0603R","LED_SMD:LED_0603_1608Metric","Hubei KENTO","KT-0603R","C2286","Basic","YES","NO","On-board status LED,TP4056 charging indicator; on while charging","2"
"D5,D6","1N4148WS","Diode_SMD:D_SOD-323","Jiangsu Changjing Electronics Technology","1N4148WS","C2128","Basic","YES","NO","BTN5 sense diode; A=BTN5 K=BTN5_SW,BTN5 start diode; A=PWR_GATE K=BTN5_SW","2"
"F1","1206L200PR 2A hold / 3.5A trip","Fuse:Fuse_1206_3216Metric","Littelfuse","1206L200PR","C151163","Extended","YES","NO","Resettable system fault protection","1"
"J1","USB-C / charge + program","Connector_USB:USB_C_Receptacle_HRO_TYPE-C-31-M-12","Korean Hroparts Elec","TYPE-C-31-M-12","C165948","Extended","YES","NO","USB 2.0 sink; shell grounded","1"
"J2","BAT+ / BAT-","walkiepcb:WirePads_2_P5.08mm","Hand-wired","2 solder pads","","DNP","YES","YES","Battery wires; BAT- is cell negative before protection FETs","1"
"J4","SPK+ / SPK-","walkiepcb:WirePads_2_P5.08mm","Hand-wired","2 solder pads","","DNP","YES","YES","Differential Class-D output; neither terminal is ground","1"
"J5","3V3 / POT_ADC / GND","walkiepcb:WirePads_3_P2.54mm","Hand-wired","3 solder pads","","DNP","YES","YES","External potentiometer; exactly three holes","1"
"J6","LED+ / LED-","walkiepcb:WirePads_2_P2.54mm","Hand-wired","2 solder pads","","DNP","YES","YES","External LED; exactly two holes","1"
"J7","OLED MODULE: GND / 3V3 / SCL / SDA","walkiepcb:OLED_1x04_P2.54mm_HolesOnly","Hand-wired","2.54mm 1x4 header","","DNP","YES","YES","For a commercial SSD1306 I2C module; verify the module pin order before wiring","1"
"L1","2.2uH / 4.2A Isat","Inductor_SMD:L_Murata_DFE201610P","Sunlord","MWTC201610S2R2MT","C6807735","Extended","YES","NO","123mohm; 2.3A Irms; 4.2A Isat; buck-boost energy-transfer inductor","1"
"MK1","ICS-43432 (bottom-port I2S)","walkiepcb:ICS-43432_LGA7_4x3mm","TDK InvenSense","ICS-43432","C574021","Extended","YES","NO","Economic-compatible but high-difficulty assembly; stocked bottom-port I2S microphone","1"
"Q1,Q2,Q6","MMBT3904","Package_TO_SOT_SMD:SOT-23","CJ (Changjiang Electronics Tech)","MMBT3904","C20526","Basic","YES","NO","CH340C DTR/RTS automatic-programming transistor,Firmware-controlled main-gate pull-down","3"
"Q3","FS8205A dual NMOS","Package_TO_SOT_SMD:SOT-23-6","FUXINSEMI","FS8205A","C908265","Extended","YES","NO","Back-to-back common-drain battery-protection MOSFET; verified FUXINSEMI pinout","1"
"Q4,Q5","AO3401A","Package_TO_SOT_SMD:SOT-23","Alpha & Omega Semiconductor","AO3401A","C15127","Basic","YES","NO","Main soft-power high-side P-MOSFET; S=SYS_FUSED D=SYS_SW,P-channel ideal battery path; S=SYS_RAW D=BAT_CELL","2"
"R1,R2","5.1k","Resistor_SMD:R_0603_1608Metric","UNI-ROYAL","0603WAF5101T5E","C23186","Basic","YES","NO","USB-C Rd","2"
"R3,R4","22","Resistor_SMD:R_0603_1608Metric","UNI-ROYAL","0603WAF220JT5E","C23345","Basic","YES","NO","USB D+ series termination; place near CH340C,USB D- series termination; place near CH340C","2"
"R5,R6,R22,R23","10k","Resistor_SMD:R_0603_1608Metric","UNI-ROYAL","0603WAF1002T5E","C25804","Basic","YES","NO","CH340C automatic-programming transistor base resistor,ESP32 EN pull-up,ESP32 boot pull-up","4"
"R7,R20","2.4k","Resistor_SMD:R_0603_1608Metric","UNI-ROYAL","0603WAF2401T5E","C22940","Basic","YES","NO","Limits SD_MODE clamp current if raw VDD falls below 3V3,Sets TP4056 current ≈500mA","2"
"R8","100","Resistor_SMD:R_0603_1608Metric","UNI-ROYAL","0603WAF1000T5E","C22775","Basic","YES","NO","DW01 supply filter","1"
"R9","1k","Resistor_SMD:R_0603_1608Metric","UNI-ROYAL","0603WAF1001T5E","C21190","Basic","YES","NO","DW01 current-sense input filter","1"
"R10,R13,R14,R19","100k","Resistor_SMD:R_0603_1608Metric","UNI-ROYAL","0603WAF1003T5E","C25803","Basic","YES","NO","Battery divider lower,Battery divider upper,Keeps amplifier shut down during boot,PMOS gate pull-down","4"
"R15,R16","4.7k","Resistor_SMD:R_0603_1608Metric","UNI-ROYAL","0603WAF4701T5E","C23162","Basic","YES","NO","I2C pull-up","2"
"R21,R24,R25","330","Resistor_SMD:R_0603_1608Metric","UNI-ROYAL","0603WAF3300T5E","C23138","Basic","YES","NO","Indicator current limit; reuses existing Basic BOM line,≈3.9mA for 2.0V LED at 3.3V","3"
"R26-R28,R30","100k","Resistor_SMD:R_0402_1005Metric","UNI-ROYAL","0402WGF1003TCE","C25741","Basic","YES","NO","GPIO12 hold base-current limit,ICS-43432 SD pulldown required while microphone output is tri-stated,Latch-transistor base pull-down,Main P-MOS gate pull-up","4"
"SW1","BTN1 / hand-solder","walkiepcb:SW_Tactile_2Pin_6x6mm_P5.0mm","E-Switch or equivalent","TL1100F100QG","","DNP","YES","YES","Exactly two plated holes; ESP32 internal pull-up","1"
"SW2","BTN2 / hand-solder","walkiepcb:SW_Tactile_2Pin_6x6mm_P5.0mm","E-Switch or equivalent","TL1100F100QG","","DNP","YES","YES","Exactly two plated holes; ESP32 internal pull-up","1"
"SW3","BTN3 / hand-solder","walkiepcb:SW_Tactile_2Pin_6x6mm_P5.0mm","E-Switch or equivalent","TL1100F100QG","","DNP","YES","YES","Exactly two plated holes; ESP32 internal pull-up","1"
"SW4","BTN4 / hand-solder","walkiepcb:SW_Tactile_2Pin_6x6mm_P5.0mm","E-Switch or equivalent","TL1100F100QG","","DNP","YES","YES","Exactly two plated holes; ESP32 internal pull-up","1"
"SW5","BTN5 POWER / FUNCTION","walkiepcb:SW_Tactile_2Pin_6x6mm_P5.0mm","E-Switch or equivalent","TL1100F100QG","","DNP","YES","YES","Hold 2 s for firmware-validated power on/off; pulls PWR_GATE low","1"
"TP1","3V3","walkiepcb:TestPad_1.0mm","PCB pad","SMD test pad","","PCB","YES","YES","Probe-only test pad","1"
"TP2","GND","walkiepcb:TestPad_1.0mm","PCB pad","SMD test pad","","PCB","YES","YES","Probe-only test pad","1"
"TP3","TX0","walkiepcb:TestPad_1.0mm","PCB pad","SMD test pad","","PCB","YES","YES","Probe-only test pad","1"
"TP4","RX0","walkiepcb:TestPad_1.0mm","PCB pad","SMD test pad","","PCB","YES","YES","Probe-only test pad","1"
"TP5","EN","walkiepcb:TestPad_1.0mm","PCB pad","SMD test pad","","PCB","YES","YES","Probe-only test pad","1"
"TP6","GPIO0","walkiepcb:TestPad_1.0mm","PCB pad","SMD test pad","","PCB","YES","YES","Probe-only test pad","1"
"TP7","LED_STATUS","walkiepcb:TestPad_1.0mm","PCB pad","SMD test pad","","PCB","YES","YES","Optional expansion solder/test pad","1"
"TP8","PWR_HOLD / GPIO12","walkiepcb:TestPad_1.0mm","PCB pad","SMD test pad","","PCB","YES","YES","Soft-power hold output and diagnostic pad; GPIO12 boot strap","1"
"U1","USBLC6-2SC6","Package_TO_SOT_SMD:SOT-23-6","STMicroelectronics","USBLC6-2SC6","C7519","Extended","YES","NO","Low-capacitance USB ESD","1"
"U2","CH340C","Package_SO:SOIC-16_3.9x9.9mm_P1.27mm","WCH","CH340C","C7464026","Extended","YES","NO","Crystal-less USB-UART; VCC and V3 tied to switched 3V3; main switch must be ON for USB programming","1"
"U3","TP4056-42-ESOP8","Package_SO:SOIC-8-1EP_3.9x4.9mm_P1.27mm_EP2.41x3.3mm","Top Power ASIC","TP4056-42-ESOP8","C16581","Extended","YES","NO","RPROG 2.4k gives nominal 500mA; EP grounded","1"
"U4","DW01A","Package_TO_SOT_SMD:SOT-23-6","PUOLOP","DW01A","C351410","Extended","YES","NO","1S protector; 4.3V overcharge / 2.5V overdischarge; deep-discharge cutoff is safety backup","1"
"U5","TPS63021DSJR","Package_DFN_QFN:DFN-14-1EP_3x4mm_P0.5mm_EP1.7x3.3mm","Texas Instruments","TPS63021DSJR","C202140","Extended","YES","NO","Fixed 3.3V synchronous buck-boost; pin15 models exposed PGND pad; PS/SYNC low = power-save; EN tied VIN","1"
"U6","ESP32-WROOM-32D-N16","RF_Module:ESP32-WROOM-32","Espressif Systems","ESP32-WROOM-32D-N16","C529578","Extended","YES","NO","16MB flash; PCB antenna; CH340C UART programming","1"
"U7","MAX98357AETE+T","Package_DFN_QFN:TQFN-16-1EP_3x3mm_P0.5mm_EP1.23x1.23mm","Analog Devices / Maxim","MAX98357AETE+T","C910544","Extended","YES","NO","12dB fixed gain; left channel; EP grounded","1"
"U8","Ra-01SH / SX1262 915MHz","walkiepcb:Ai-Thinker_Ra-01SH","Ai-Thinker","Ra-01SH","C2764087","Extended","YES","NO","SX1262; 803-930MHz; integrated I-PEX socket; +22dBm","1"
